{
  "mental_status": {
    "model_path": "C:\\Users\\navan\\Mental-Wellbeing\\models\\mental_status_model.joblib",
    "rows": 500,
    "accuracy": 0.97,
    "weighted_f1": 0.9701,
    "classification_report": {
      "0": {
        "precision": 1.0,
        "recall": 0.8,
        "f1-score": 0.8888888888888888,
        "support": 5.0
      },
      "1": {
        "precision": 0.9,
        "recall": 1.0,
        "f1-score": 0.9473684210526315,
        "support": 27.0
      },
      "2": {
        "precision": 1.0,
        "recall": 0.9705882352941176,
        "f1-score": 0.9850746268656716,
        "support": 68.0
      },
      "accuracy": 0.97,
      "macro avg": {
        "precision": 0.9666666666666667,
        "recall": 0.9235294117647058,
        "f1-score": 0.9404439789357305,
        "support": 100.0
      },
      "weighted avg": {
        "precision": 0.973,
        "recall": 0.97,
        "f1-score": 0.9700846643973117,
        "support": 100.0
      }
    }
  },
  "depression_risk": {
    "model_path": "C:\\Users\\navan\\Mental-Wellbeing\\models\\depression_risk_model.joblib",
    "rows": 100000,
    "accuracy": 0.7368,
    "weighted_f1": 0.7849,
    "classification_report": {
      "0": {
        "precision": 0.9465150558012213,
        "recall": 0.7496664442961974,
        "f1-score": 0.8366682177757097,
        "support": 17988.0
      },
      "1": {
        "precision": 0.2172779419433339,
        "recall": 0.621272365805169,
        "f1-score": 0.32195750160978753,
        "support": 2012.0
      },
      "accuracy": 0.73675,
      "macro avg": {
        "precision": 0.5818964988722776,
        "recall": 0.6854694050506832,
        "f1-score": 0.5793128596927486,
        "support": 20000.0
      },
      "weighted avg": {
        "precision": 0.8731538021471179,
        "recall": 0.73675,
        "f1-score": 0.7848883197294179,
        "support": 20000.0
      }
    }
  }
}